shopTitle,price,title,item_id,realSales,procity,Trade-in,Free Shipping Insurance,Free Shipping,Global Purchase,Charity Goods,CPU Model,Camera Pixel,Charging Power,Screen Size,Camera Number,Highest Pixel
创宇嘉汇数码专营店,3799.0,分期免息!官方正品 HUAWEI/华为 nova12 Pro前置6000万人像追焦双,770663164188,6,广东 深圳,1,1,1,0,0,,5000+800,100,,2,5000
第一卫旗舰店,21.8,[二代昆仑]适用华为荣耀Mate60Pro手机膜mate40pro钢化p60全胶mat,706689762107,500,广东 深圳,0,0,0,0,0,,0,0,,1,0
xrace旗舰店,15.8,秒解锁华为mate40pro钢化膜p60p50手机膜x40荣耀50/70/80贴膜60,647189808108,2,广东 深圳,0,0,1,0,1,,0,0,,1,0
鲁信数码手机店,4789.0,新品现货Huawei/<span class=H>华为</span> <span class=H>P60</span>正品国行全新智能鸿蒙手机旗舰p50同系4,713178411184,16,河南 郑州,1,1,1,0,0,骁龙8+ 4G,4800+1300+1200,66,,3,4800
名品数码诚信的店铺,4438.0,新品Huawei/<span class=H>华为</span> <span class=H>P60</span> 正品<span class=H>华为</span><span class=H>p60</span>新款旗舰手机4G全网通国行鸿蒙,712994497056,18,北京,1,1,1,0,1,骁龙8+ 4G,4800+1300+1200,66,,3,4800
旭日远航数码专营店,2999.0,【直降1200元】现货秒发HUAWEI/<span class=H>华为</span><span class=H>P60</span>北斗卫星鸿蒙系统4G手机全网通拍照手机,741819026584,17,北京,0,1,1,0,0,骁龙8+ 4G,4800+1300+1200,66,,3,4800
杰诚电讯,2788.0,Huawei/<span class=H>华为</span> <span class=H>P60</span>正品国行 新款全网通<span class=H>华为</span><span class=H>p60</span>p大屏游戏拍照手机,766143145490,13,河北 唐山,0,1,1,0,1,骁龙8+ 4G,4800+1300+1200,66,,3,4800
华荣原装正品体验店,4878.0,现货新款Huawei/<span class=H>华为</span> <span class=H>P60</span>直降官方旗舰正品8G+512G鸿蒙<span class=H>P60</span>Pro手机,713398448643,6,广东 深圳,1,1,1,0,0,骁龙8+ 4G,4800+1300+1200,66,,3,4800
三际数码官方旗舰店,5598.0,顺丰当天发【12期免息+送碎屏保】HUAWEI/<span class=H>华为</span><span class=H>P60</span> 手机官方旗舰店正品系列新品直降P50智能鸿蒙<span class=H>P60</span>pro,707682564432,3,山东 济南,1,1,1,0,0,骁龙8+ 4G,4800+1300+1200,66,,3,4800
理想手机店,2748.0,Huawei/<span class=H>华为</span> <span class=H>P60</span> 手机原装正品<span class=H>华为</span><span class=H>p60</span>PRO新款旗舰手机4G全网通,773965399092,10,广东 广州,0,1,1,0,0,骁龙8+ 4G,4800+1300+1200,66,,3,4800
oksj数码旗舰店,5598.0,【24期免息】送碎屏保HUAWEI/<span class=H>华为</span><span class=H>P60</span>新款鸿蒙手机官方旗舰店官网正品<span class=H>华为</span><span class=H>p60</span>pro直降智能曲面屏手机,638593986695,4,广东 深圳,1,1,1,0,0,骁龙8+ 4G,4800+1300+1200,66,,3,4800
Mr Bo实体二十年线上店,2799.0,Huawei/<span class=H>华为</span> <span class=H>P60</span> 全网通4G手机北斗卫星超聚光XMAGE影像曲面屏,729121066507,15,北京,0,1,1,0,0,骁龙8+ 4G,4800+1300+1200,66,,3,4800
久汇数码专营店,5499.0,顺丰当天发HUAWEI/<span class=H>华为</span><span class=H>P60</span>手机新品官方旗舰店官网正品旗舰新款<span class=H>p60</span>pro鸿蒙系统直降p50手机,708619557012,2,广东 深圳,1,1,1,0,0,骁龙8+ 4G,4800+1300+1200,66,,3,4800
同步飞扬旗舰店,979.0,当天发【可减300元送碎屏宝】Huawei/<span class=H>华为</span>畅享60手机官方旗舰正品<span class=H>p60</span>新品鸿蒙系统60pro典藏版mate北斗卫星12,709203529182,3,广东 深圳,1,1,1,0,0,,4800+200,22,,2,4800
创钻手机专营店,3188.0,【年终大促销+送豪礼】/Huawei<span class=H>华为</span><span class=H>p60</span>手机国行正品Huawei/<span class=H>华为</span> <span class=H>P60</span>全网通鸿蒙北斗卫星拍照手机,762692413963,3,河南 郑州,1,1,1,0,0,骁龙8+ 4G,4800+1300+1200,66,,3,4800
华耀原装正品主营店,4778.0,全新未激活Huawei/<span class=H>华为</span> <span class=H>P60</span>官方正品拍照鸿蒙旗舰手机<span class=H>p60</span>新机512G,712747053053,7,广东 深圳,1,1,1,0,0,骁龙8+ 4G,4800+1300+1200,66,,3,4800
中宽通讯行,5888.0,Huawei/<span class=H>华为</span> <span class=H>P60</span> Pro 原装正品<span class=H>华为</span><span class=H>p60</span>pro旗舰手机全网通国行鸿蒙,712942910764,10,广东 深圳,1,1,1,0,1,骁龙8+ 4G,4800+1300+4800,88,,3,4800
千荨数码专店,999.0,Huawei/<span class=H>华为</span> <span class=H>P60</span> Pro正品官方旗舰安卓荣耀100 Pro5G智能千元手机,770512451069,61,天津,0,0,0,0,0,,5000+1200+4800,88,,3,5000
华耀原装正品主营店,6378.0,正品促销Huawei/<span class=H>华为</span> <span class=H>P60</span> Art艺术版鸿蒙拍照1TB旗舰手机<span class=H>p60</span>art,709222165396,6,广东 深圳,1,1,1,0,0,骁龙8+ 4G,4800+4000+4800,88,,3,4800
莓文化,2788.0,Huawei/<span class=H>华为</span> <span class=H>P60</span>  拍照手机  <span class=H>P60</span>Pro  旗舰手机,728610460205,14,浙江 杭州,0,0,1,0,0,骁龙8+ 4G,4800+1300+1200,66,,3,4800
新通信手机数码,5599.0,Huawei/<span class=H>华为</span> <span class=H>P60</span>,768940723805,67,北京,0,0,1,0,0,骁龙8+ 4G,4800+1300+1200,66,,3,4800
Mr Bo实体二十年线上店,2799.0,【全国联保】Huawei/<span class=H>华为</span> <span class=H>P60</span> Pro全网通手机昆仑玻璃北斗卫星<span class=H>p60</span>,728772944449,39,北京,0,1,1,0,0,骁龙8+ 4G,4800+1300+4800,88,,3,4800
强大数码企业店,2789.0,12+512GHuawei/<span class=H>华为</span> <span class=H>P60</span> Art 新品旗舰手机<span class=H>p60</span>art 鸿蒙系统<span class=H>p60</span>Pro,767171720742,34,河北 唐山,0,1,1,0,0,骁龙8+ 4G,4800+4000+4800,88,,3,4800
昊玉数码专营店,899.0,顺丰闪发【新春开门红】Huawei/<span class=H>华为</span>P50SE手机5G新款游戏拍照学生老年人备用机智能<span class=H>华为</span>手机<span class=H>p60</span>pro畅玩40plus,768278754483,25,广东 深圳,0,1,1,0,0,骁龙778G 4G,5000+1300+1200,66,,3,5000
名品数码诚信的店铺,5559.0,现货 Huawei/<span class=H>华为</span> <span class=H>P60</span> Pro 北斗卫星鸿蒙系统国行正品拍照4G手机,719702854081,12,北京,1,1,1,0,1,骁龙8+ 4G,4800+1300+4800,88,,3,4800
昊玉数码专营店,1399.0,顺丰闪发【新春开门红】Huawei/<span class=H>华为</span>P50Pro手机5G全网通12+256G大内存学生老年人智能<span class=H>华为</span>手机<span class=H>p60</span>/畅玩50plus,763967220225,18,广东 深圳,0,1,1,0,0,骁龙778G 4G,5000+1300+1200,66,,3,5000
正品数码通讯,3980.0,<span class=H>华为</span><span class=H>p60</span>新品系列huawei新款2023高端官方旗舰洛可可白曲屏手机,711224854895,4,福建 福州,1,0,1,0,0,骁龙8+ 4G,4800+1300+1200,66,,3,4800
鲁信数码手机店,5559.0,新品Huawei/<span class=H>华为</span> <span class=H>P60</span> Pro现货4G正品国行旗舰智能手机昆仑玻璃P50,712958706845,13,河南 郑州,1,1,1,0,0,骁龙8+ 4G,4800+1300+4800,88,,3,4800
华诚数码商城,3700.0,Huawei/<span class=H>华为</span> <span class=H>P60</span>全网通4G双卡双待鸿蒙系统北斗卫星XMAGE影像,771364344600,6,山西 太原,0,1,1,0,0,骁龙8+ 4G,4800+1300+1200,66,,3,4800
微微通讯,4479.0,【同城闪送】Huawei/<span class=H>华为</span> <span class=H>P60</span> 双卡双待 正品行货 未激活,712457772814,1,北京,0,0,1,0,0,骁龙8+ 4G,4800+1300+1200,66,,3,4800
恰好数码专营店,2858.0,特价 <span class=H>华为</span><span class=H>p60</span> HUAWEI/<span class=H>华为</span> <span class=H>p60</span> 鸿蒙系统 <span class=H>华为</span>国行正品 新品系列 <span class=H>华为</span><span class=H>p60</span> <span class=H>p60</span>pro 同系列手机,772243182555,6,河南 郑州,0,1,1,0,0,骁龙8+ 4G,4800+1300+1200,66,,3,4800
莓文化,3799.0,Huawei/<span class=H>华为</span> <span class=H>P60</span> Pro  全网通 拍照100倍变焦  拍照手机,749051876811,2,浙江 杭州,0,0,1,0,0,骁龙8+ 4G,4800+1300+4800,88,,3,4800
云腾通讯商城,2778.0,Huawei/<span class=H>华为</span> <span class=H>P60</span> 手机原装正品<span class=H>华为</span><span class=H>p60</span>PRO新款旗舰手机4G全网通,773983454102,4,广东 深圳,0,1,1,0,0,骁龙8+ 4G,4800+1300+1200,66,,3,4800
嘉恒数码商城,2799.0,【全国联保】 Huawei/<span class=H>华为</span> <span class=H>P60</span> Pro全网通4G夜视北斗昆仑玻璃<span class=H>p60</span>,729278583584,7,北京,0,1,1,0,0,骁龙8+ 4G,4800+1300+4800,88,,3,4800
雅佳盛数码专营店,1488.0,分期免息/送豪华礼 <span class=H>华为</span><span class=H>P60</span>Pro 12+256G 5G新款曲面屏80系列快充<span class=H>华为</span>手机官方旗舰店官网正品50Pro/Mate60,760953921175,47,广东 深圳,0,1,1,0,0,骁龙8+ 4G,4800+1300+4800,88,,3,4800
灭隽数码科技,899.0,<span class=H>华为</span><span class=H>P60</span>Pro <span class=H>P60</span>Art 智能手机全面屏5G全网通官网全新大内存旗舰机,775758883645,10,广东 深圳,0,0,1,0,0,骁龙8+ 4G,4800+4000+4800,88,,3,4800
3楼数码,2799.0,Huawei/<span class=H>华为</span> <span class=H>P60</span>  音乐手机 <span class=H>P60</span>PRO  拍照手机,733601569874,23,浙江 杭州,0,0,1,0,0,骁龙8+ 4G,4800+1300+1200,66,,3,4800
御狐数码屋,2978.0,Huawei/<span class=H>华为</span> <span class=H>P60</span>鸿蒙系统摄影旗舰正品轻薄拍照手机大电全网通NFC,714936745086,4,广东 揭阳,0,1,1,0,0,骁龙8+ 4G,4800+1300+1200,66,,3,4800
oksj数码旗舰店,5598.0,【24期免息】当天发送碎屏保Huawei/<span class=H>华为</span><span class=H>P60</span>新款手机鸿蒙官方旗舰店官网正品<span class=H>华为</span><span class=H>p60</span>pro直降mate50拍照手机70,694282391626,1,广东 深圳,1,1,1,0,0,骁龙8+ 4G,4800+1300+1200,66,,3,4800
阿布的数码屋,4800.0,新款Huawei/<span class=H>华为</span> <span class=H>P60</span> Pro全新正品鸿蒙曲屏超清拍照手机<span class=H>华为</span><span class=H>p60</span>,712635156430,5,广东 深圳,1,1,1,0,1,骁龙8+ 4G,4800+1300+4800,88,,3,4800
海康智能数码专营店,1488.0,分期免息/送豪华礼 HUAWEI/<span class=H>华为</span><span class=H>P60</span> Pro 12+256G 5G曲面屏手机快充游戏旗舰官网官方正品店鸿蒙80SE/70/90pro,701595522468,33,广东 深圳,0,1,1,0,1,骁龙8+ 4G,4800+1300+4800,88,,3,4800
杰诚电讯,4788.0,Huawei/<span class=H>华为</span> <span class=H>P60</span> Art原装正品4G全网通国行海岛设计昆仑玻璃手机,767913562083,5,河北 唐山,0,1,1,0,1,骁龙8+ 4G,4800+4000+4800,88,,3,4800
向蓝数码城,9999.0,Huawei/<span class=H>华为</span> <span class=H>P60</span> Pro  12+512,766551549085,41,广东 深圳,0,0,1,0,0,骁龙8+ 4G,4800+1300+4800,88,,3,4800
强大通讯1205,2599.0,特价<span class=H>华为</span><span class=H>p60</span> <span class=H>p60</span>pro Huawei/<span class=H>华为</span> <span class=H>P60</span> 国行正品 鸿蒙系统<span class=H>p60</span>art,773386206879,5,河北 唐山,0,0,1,0,0,骁龙8+ 4G,4800+1300+1200,66,,3,4800
灭隽数码科技,1259.0,<span class=H>华为</span><span class=H>P60</span>Art <span class=H>P60</span>Pro智能手机5G全网通双卡双待官网全新曲面屏手机,775754708470,8,广东 深圳,0,0,1,0,0,骁龙8+ 4G,4800+4000+4800,88,,3,4800
瑞娜数码专营店,4699.0,HUAWEI/<span class=H>华为</span> <span class=H>P60</span> Art <span class=H>华为</span> <span class=H>P60</span> Art  <span class=H>华为</span><span class=H>p60</span> <span class=H>华为</span><span class=H>p60</span>pro 同款 全网通手机  国行正品,772628756431,7,河南 郑州,0,1,1,0,0,骁龙8+ 4G,4800+4000+4800,88,,3,4800
千荨数码专店,999.0,<span class=H>华为</span> <span class=H>P60</span> Pro微曲面屏5GMate60 Pro荣耀官方旗舰<span class=H>P60</span>Pro鸿蒙畅享70,770512397598,3,北京,0,0,1,0,0,,5000+1200+4800,88,,3,5000
宏信通讯,4100.0,Huawei/<span class=H>华为</span> <span class=H>P60</span>全网通4G手机北斗卫星超聚光XMAGE影像曲面屏,774764443279,0,广东 深圳,1,0,1,0,0,骁龙8+ 4G,4800+1300+1200,66,,3,4800
延小姐原创高端设计,168.0,2024新款适用华为p60pocketS透明手机壳折叠保护壳Pock2,762710806131,4,吉林 延边朝鲜族,0,0,0,0,0,,0,0,,1,0
捷园卡数码专营店,2048.0,分期免息/送豪华礼 Huawei/华为90Pro 512G 5G全网通曲面屏2亿像,770984231343,37,广东 深圳,0,1,1,0,0,骁龙8+ 4G,4800+1300+4800,88,,3,4800
创宇嘉汇数码专营店,3799.0,分期免息!官方正品 HUAWEI/华为 nova12 Pro前置6000万人像追焦双,770663164188,6,广东 深圳,1,1,1,0,0,,5000+800,100,,2,5000
华为乐畔专卖店,5646.0,<span class=H>华为</span>手机/HUAWEI <span class=H>P60</span>超聚光长焦昆仑玻璃双向北斗卫星消息鸿蒙智能手机<span class=H>华为</span>官方正品旗舰手机,725933681983,7,广东 深圳,1,1,1,0,0,骁龙8+ 4G,4800+1300+1200,66,,3,4800
天天正品折扣店,3700.0,Huawei/<span class=H>华为</span> <span class=H>P60</span>全网通4G高通处理器XAMEG影像曲面屏原装正品,765116372713,2,上海,0,1,1,0,0,骁龙8+ 4G,4800+1300+1200,66,,3,4800
晟乐数码商城,2798.0,Huawei/<span class=H>华为</span> <span class=H>P60</span> 官方正品<span class=H>P60</span> Pro旗舰新款拍照曲屏北斗卫星手机,773930994654,10,广东 深圳,0,1,1,0,0,骁龙8+ 4G,4800+1300+1200,66,,3,4800
杰诚电讯,3888.0,Huawei/<span class=H>华为</span> <span class=H>P60</span> Pro全网通手机4G 昆仑玻璃夜视北斗卫星鸿蒙手机,766168200705,10,河北 唐山,0,1,1,0,1,骁龙8+ 4G,4800+1300+4800,88,,3,4800
佰分购旗舰店,7399.0,【24期免息 立减1000元】 HUAWEI/<span class=H>华为</span><span class=H>P60</span> Art 手机官方旗舰店官网正品旗舰新品P50/40 <span class=H>华为</span><span class=H>P60</span> Pro 70,709525475108,6,广东 深圳,1,1,1,0,0,骁龙8+ 4G,4800+4000+4800,88,,3,4800
桧栀数码,5999.0,Huawei/<span class=H>华为</span> <span class=H>P60</span> 256/512GB,771773362007,35,广东 深圳,0,1,1,0,0,骁龙8+ 4G,4800+1300+1200,66,,3,4800
华耀原装正品主营店,5778.0,全新正品Huawei/<span class=H>华为</span><span class=H>P60</span> Pro旗舰鸿蒙手机512G洛可可白<span class=H>p60</span>pro新机,712735061961,3,广东 深圳,1,1,1,0,0,骁龙8+ 4G,4800+1300+4800,88,,3,4800
3楼数码,3799.0,Huawei/<span class=H>华为</span> <span class=H>P60</span> Pro 100倍变焦 拍照手机  音乐手机,749197065813,17,浙江 杭州,0,0,1,0,0,骁龙8+ 4G,4800+1300+4800,88,,3,4800
好通数码店,7299.0,Huawei/<span class=H>华为</span> <span class=H>P60</span> Pro 8+256,768324965442,100,广东 深圳,0,0,1,0,0,骁龙8+ 4G,4800+1300+4800,88,,3,4800
星星通讯行,9999.0,Huawei/<span class=H>华为</span> <span class=H>P60</span> Pro  12+512GB,743185048440,500,浙江 湖州,0,0,1,0,0,骁龙8+ 4G,4800+1300+4800,88,,3,4800
鲁信数码手机店,6269.0,Huawei/<span class=H>华为</span> <span class=H>P60</span> Art新品旗舰正品现货鸿蒙手机海岛设计昆仑玻璃,708927576854,4,河南 郑州,1,1,1,0,0,骁龙8+ 4G,4800+4000+4800,88,,3,4800
微微通讯,6198.0,【同城可闪送】Huawei/<span class=H>华为</span> <span class=H>P60</span> Art 鸿蒙系统 <span class=H>P60</span>art,710175786108,11,北京,0,0,1,0,0,骁龙8+ 4G,4800+4000+4800,88,,3,4800
简三数码,4399.0,新上架Huawei/<span class=H>华为</span> <span class=H>P60</span> Art旗舰拍照影像手机,739321280358,10,上海,0,0,1,0,0,骁龙8+ 4G,4800+4000+4800,88,,3,4800
小米家数码科技,799.0,Huawei/<span class=H>华为</span> <span class=H>P60</span> Pro荣耀5G官方旗舰Mate60Pro鸿蒙畅享70智能手机,776328024968,8,北京,0,0,1,0,0,骁龙8+ 4G,4800+1300+4800,88,,3,4800
恰好数码专营店,4688.0,HUAWEI/<span class=H>华为</span>huawei  <span class=H>P60</span> Art  Huawei/<span class=H>华为</span> <span class=H>P60</span> Art  全网通手机  艺术版新品,772365172154,5,河南 郑州,0,1,1,0,0,骁龙8+ 4G,4800+4000+4800,88,,3,4800
同步飞扬旗舰店,6058.0,当天发【3期免息送礼包】Huawei/<span class=H>华为</span><span class=H>P60</span> Pro系列手机官方旗舰正品<span class=H>p60</span>pro新款12鸿蒙系统art洛可白matex3,709056438495,3,广东 深圳,1,1,1,0,0,骁龙8+ 4G,4800+1300+4800,88,,3,4800
宏信通讯,4500.0,Huawei/<span class=H>华为</span> <span class=H>P60</span> Pro全网通手机4G 昆仑玻璃夜视北斗卫星超聚焦,774780022828,0,广东 深圳,1,0,1,0,0,骁龙8+ 4G,4800+1300+4800,88,,3,4800
德盛数码好店,9999.0,Huawei/<span class=H>华为</span> <span class=H>P60</span>,770768902003,91,广东 深圳,1,0,1,0,0,骁龙8+ 4G,4800+1300+1200,66,,3,4800
兴卓聚力,9999.0,Huawei/<span class=H>华为</span> <span class=H>P60</span> Pro  8+256,768395848314,200,北京,0,0,1,0,0,骁龙8+ 4G,4800+1300+4800,88,,3,4800
亿品汇数码专营,5659.0,<span class=H>华为</span> <span class=H>P60</span> 超聚光XMAGE影像 双向北斗卫星消息 鸿蒙曲面屏,722944106034,0,江苏 南京,0,1,1,0,0,骁龙8+ 4G,4800+1300+1200,66,,3,4800
成都长庚通讯,6689.0,<span class=H>p60</span>art现货成都闪送+分期付款Huawei/<span class=H>华为</span> <span class=H>P60</span> Art官方正品新手机,709943103413,1,四川 成都,0,0,1,0,0,骁龙8+ 4G,4800+4000+4800,88,,3,4800
佰亿数码手机,9999.0,Huawei/<span class=H>华为</span> <span class=H>P60</span>,770708292675,70,广东 深圳,0,0,1,0,0,骁龙8+ 4G,4800+1300+1200,66,,3,4800
琉璃数码折扣店,869.0,<span class=H>华为</span>智能5G手机<span class=H>P60</span> Art全面屏官网全新旗舰机全网通拍照游戏手机,760826834602,6,广东 深圳,0,0,1,0,0,骁龙8+ 4G,4800+4000+4800,88,,3,4800
亿品汇数码专营,5999.0,<span class=H>华为</span> <span class=H>P60</span> Pro 超聚光夜视长焦 昆仑玻璃 双向北斗卫星消息 鸿蒙智能旗舰,722946282777,0,江苏 南京,0,1,1,0,0,骁龙8+ 4G,4800+1300+4800,88,,3,4800
淘宝珍库3C数码馆,7399.0,Huawei/<span class=H>华为</span><span class=H>P60</span>Art鸿蒙影像旗舰手机骁龙8 4G全网通智能手机,739279554606,2,浙江 杭州,0,0,1,0,0,骁龙8+ 4G,4800+4000+4800,88,,3,4800
佰亿数码手机,9999.0,Huawei/<span class=H>华为</span> <span class=H>P60</span> Pro,774592919322,23,广东 深圳,0,0,1,0,0,骁龙8+ 4G,4800+1300+4800,88,,3,4800
兴卓聚力,15999.0,Huawei/<span class=H>华为</span> <span class=H>P60</span> Pro  12+512,765719688882,200,北京,0,0,1,0,0,骁龙8+ 4G,4800+1300+4800,88,,3,4800
甄选手机店,5588.0,Huawei/<span class=H>华为</span> <span class=H>P60</span> 手机官方正品顺丰现货,732891322018,200,北京,1,0,1,0,0,骁龙8+ 4G,4800+1300+1200,66,,3,4800
亿品汇数码专营,6759.0,<span class=H>华为</span> <span class=H>P60</span> Art 超聚光夜视长焦 昆仑玻璃 双向北斗卫星消息,722944970618,0,江苏 南京,0,1,1,0,0,骁龙8+ 4G,4800+4000+4800,88,,3,4800
好运来数码手机,9999.0,Huawei/<span class=H>华为</span> <span class=H>P60</span> Pro,770972028823,200,广东 深圳,1,0,1,0,0,骁龙8+ 4G,4800+1300+4800,88,,3,4800
兴卓聚力,9999.0,Huawei/<span class=H>华为</span> <span class=H>P60</span>  256,765719436376,18,北京,0,0,1,0,0,骁龙8+ 4G,4800+1300+1200,66,,3,4800
兴卓聚力,15999.0,Huawei/<span class=H>华为</span> <span class=H>P60</span> Pro  12+256,766536154001,100,北京,0,0,1,0,0,骁龙8+ 4G,4800+1300+4800,88,,3,4800
数码甄选好店,9999.0,Huawei/<span class=H>华为</span> <span class=H>P60</span> 256/512GB,735337466999,600,广东 深圳,1,0,1,0,0,骁龙8+ 4G,4800+1300+1200,66,,3,4800
好运来数码手机,9999.0,Huawei/<span class=H>华为</span> <span class=H>P60</span> Pro,772464020791,54,广东 深圳,1,0,1,0,0,骁龙8+ 4G,4800+1300+4800,88,,3,4800
数码甄选好店,9999.0,Huawei/<span class=H>华为</span> <span class=H>P60</span> Pro 12+512GB,770620988622,100,广东 深圳,1,0,1,0,0,骁龙8+ 4G,4800+1300+4800,88,,3,4800
嘉恒数码商城,2799.0,【全国联保】Huawei/<span class=H>华为</span> <span class=H>P60</span>正品鸿蒙系统北斗卫星拍照手机,767952900665,6,北京,0,1,1,0,0,骁龙8+ 4G,4800+1300+1200,66,,3,4800
恰好数码专营店,3958.0,特价 <span class=H>华为</span><span class=H>p60</span>pro  HUAWEI/<span class=H>华为</span>  <span class=H>p60</span> pro 新款手机 鸿蒙系统  拍照手机 <span class=H>华为</span>正品    <span class=H>华为</span><span class=H>p60</span> <span class=H>p60</span>art同款手机,772195248914,4,河南 郑州,0,1,1,0,0,骁龙8+ 4G,4800+1300+4800,88,,3,4800
逸龙通讯,2778.0,Huawei/<span class=H>华为</span> <span class=H>P60</span> 手机原装正品<span class=H>华为</span><span class=H>p60</span>PRO新款旗舰手机4G全网通,773948616202,5,上海,0,1,1,0,0,骁龙8+ 4G,4800+1300+1200,66,,3,4800
瑞娜数码专营店,3658.0,高保 <span class=H>华为</span><span class=H>p60</span>  HUAWEI/<span class=H>华为</span> <span class=H>p60</span>  <span class=H>p60</span>pro 国行正品 鸿蒙系统  <span class=H>华为</span>手机 拍照手机  <span class=H>p60</span>art同款,774504073605,8,河南 郑州,0,1,1,0,0,骁龙8+ 4G,4800+1300+1200,66,,3,4800
瑞娜电讯企业店,2799.0,Huawei/<span class=H>华为</span> <span class=H>P60</span> Art艺术版新品Huawei/<span class=H>华为</span><span class=H>p60</span> Art全网通手机Pro,767248765224,10,河北 唐山,0,1,1,0,0,骁龙8+ 4G,4800+4000+4800,88,,3,4800
微微通讯,5618.0,【同城闪送】Huawei/<span class=H>华为</span> <span class=H>P60</span> Pro 双卡双待 正品行货 未激活,712708481100,3,北京,0,0,1,0,0,骁龙8+ 4G,4800+1300+4800,88,,3,4800
好通数码店,5999.0,Huawei/<span class=H>华为</span> <span class=H>P60</span> 256/512GB,771722196612,43,广东 深圳,0,0,1,0,0,骁龙8+ 4G,4800+1300+1200,66,,3,4800
圣光数码,7999.0,Huawei/<span class=H>华为</span> <span class=H>P60</span>  全新正品  智能鸿蒙,773608512453,86,北京,1,1,1,0,0,骁龙8+ 4G,4800+1300+1200,66,,3,4800
好通数码店,6999.0,Huawei/<span class=H>华为</span> <span class=H>P60</span> Pro 12+256,774462215516,65,广东 深圳,0,0,1,0,0,骁龙8+ 4G,4800+1300+4800,88,,3,4800
众联伟创数码商城,7199.0,Huawei/<span class=H>华为</span><span class=H>P60</span>Art鸿蒙影像旗舰手机骁龙8 4G全网通智能手机,752582593678,2,湖北 武汉,0,1,1,0,0,骁龙8+ 4G,4800+4000+4800,88,,3,4800
幸运数码正品店,1949.0,当天发!Huawei/华为 nova 11 5G系列官方旗舰正品店官网正品11pro,764323932056,6,广东 深圳,0,0,1,0,0,高通骁龙™ 778G 4G,5000+800,66,,2,5000
创宇嘉汇数码专营店,3799.0,分期免息!官方正品 HUAWEI/华为 nova12 Pro前置6000万人像追焦双,770663164188,6,广东 深圳,1,1,1,0,0,,5000+800,100,,2,5000
红橙子数码专营店,1399.0,顺丰闪发【新春开门红】Huawei/<span class=H>华为</span>P50Pro手机5G全网通12+256GB大内存学生老年人智能<span class=H>华为</span>手机<span class=H>p60</span>畅玩50plus,756311268618,34,广东 深圳,0,1,1,0,0,骁龙888 4G,5000+4000+1300+6400,66,,4,6400
红橙子数码专营店,899.0,顺丰闪发【新春开门红】Huawei/<span class=H>华为</span>P50SE手机5G新款游戏拍照学生老年人备用机智能<span class=H>华为</span>手机<span class=H>p60</span>pro畅玩40plus,768250773938,26,广东 深圳,0,1,1,0,0,骁龙778G 4G,5000+1300+1200,66,,3,5000
华粉严选,2799.0,Huawei/<span class=H>华为</span> <span class=H>P60</span> 旗舰手机 <span class=H>P60</span>Pro  拍照手机  鸿蒙系统,724587389480,5,浙江 杭州,0,0,1,0,0,骁龙8+ 4G,4800+1300+1200,66,,3,4800
景焱数码通讯,2799.0,Huawei/<span class=H>华为</span> <span class=H>P60</span> Pro新款官方旗舰正品<span class=H>p60</span>系列鸿蒙系统拍照手机,773979406713,14,上海,0,1,1,0,0,骁龙8+ 4G,4800+1300+4800,88,,3,4800
极客数码优品,9999.0,Huawei/<span class=H>华为</span> <span class=H>P60</span> Pro 超聚光夜视长焦 昆仑玻璃 双向北斗卫星消息,761942410050,64,广东 深圳,0,0,1,0,0,骁龙8+ 4G,4800+1300+4800,88,,3,4800
桧栀数码,8899.0,Huawei/<span class=H>华为</span> <span class=H>P60</span> Pro 12+512,768324129600,40,广东 深圳,0,1,1,0,0,骁龙8+ 4G,4800+1300+4800,88,,3,4800
德盛数码好店,9999.0,Huawei/<span class=H>华为</span> <span class=H>P60</span>,764890038026,200,广东 深圳,1,0,1,0,0,骁龙8+ 4G,4800+1300+1200,66,,3,4800
oksj数码旗舰店,6399.0,24期免息送碎屏保Huawei/<span class=H>华为</span><span class=H>p60</span>pro新款手机鸿蒙官方旗舰店官网正品<span class=H>华为</span><span class=H>p60</span>pro直降50游戏拍照手机,652268344565,5,广东 深圳,1,1,1,0,0,骁龙8+ 4G,4800+1300+4800,88,,3,4800
同步飞扬旗舰店,5558.0,当天发【可减100元送碎屏宝等】Huawei/<span class=H>华为</span><span class=H>P60</span> 手机官方旗舰正品<span class=H>p60</span>系列鸿蒙系统<span class=H>p60</span>pro洛可白matex3新款12,708581100840,0,广东 深圳,1,1,1,0,0,骁龙8+ 4G,4800+1300+1200,66,,3,4800
德盛数码好店,9999.0,Huawei/<span class=H>华为</span> <span class=H>P60</span> Pro,735476418393,500,广东 深圳,1,0,1,0,0,骁龙8+ 4G,4800+1300+4800,88,,3,4800
好通数码店,8399.0,Huawei/<span class=H>华为</span> <span class=H>P60</span> Pro 12+512,774536892898,77,广东 深圳,0,0,1,0,0,骁龙8+ 4G,4800+1300+4800,88,,3,4800
星星通讯行,9999.0,Huawei/<span class=H>华为</span> <span class=H>P60</span>   256/512GB,741420731353,37,浙江 湖州,0,0,1,0,0,骁龙8+ 4G,4800+1300+1200,66,,3,4800
简三数码,2699.0,Huawei/<span class=H>华为</span> <span class=H>P60</span>旗舰拍照影像商务鸿蒙手机,735166580955,18,上海,0,0,1,0,0,骁龙8+ 4G,4800+1300+1200,66,,3,4800
众联伟创数码商城,5599.0,Huawei/<span class=H>华为</span> <span class=H>P60</span> 全网通鸿蒙 智能手机 骁龙8+ 4G 6.67英寸,742812700726,0,湖北 武汉,0,1,1,0,0,骁龙8+ 4G,4800+1300+1200,66,,3,4800
淘宝珍库自营服务店,5399.0,Huawei/<span class=H>华为</span> <span class=H>P60</span> Pro,731891188190,0,浙江 杭州,0,0,1,0,0,骁龙8+ 4G,4800+1300+4800,88,,3,4800
酷动3C数码商城,9999.0,Huawei/<span class=H>华为</span> <span class=H>P60</span>,766400461823,100,广东 深圳,1,1,1,0,0,骁龙8+ 4G,4800+1300+1200,66,,3,4800
久汇数码专营店,6599.0,【24期免息+送碎屏险】HUAWEI/<span class=H>华为</span><span class=H>P60</span> Pro手机新品官方旗舰店官网正品旗舰新款<span class=H>p60</span>art鸿蒙系统直降p50,708592364666,3,广东 深圳,1,1,1,0,0,骁龙8+ 4G,4800+1300+4800,88,,3,4800
正品智能数码优选店,9999.0,Huawei/<span class=H>华为</span> <span class=H>P60</span>,751659549690,33,广东 深圳,0,1,1,0,0,骁龙8+ 4G,4800+1300+1200,66,,3,4800
正品智能数码优选店,9999.0,Huawei/<span class=H>华为</span> <span class=H>P60</span> Pro,765734635218,300,广东 深圳,0,1,1,0,0,骁龙8+ 4G,4800+1300+4800,88,,3,4800
酷动3C数码商城,9999.0,Huawei/<span class=H>华为</span> <span class=H>P60</span>,767880626835,0,广东 深圳,1,1,1,0,0,骁龙8+ 4G,4800+1300+1200,66,,3,4800
华为乐畔专卖店,6396.0,<span class=H>华为</span>手机/HUAWEI <span class=H>P60</span>Pro超聚光长焦昆仑玻璃双向北斗卫星消息鸿蒙智能手机<span class=H>华为</span>官方正品旗舰手机,726261135100,4,广东 深圳,1,1,1,0,0,骁龙8+ 4G,4800+1300+4800,88,,3,4800
淘宝珍库3C数码馆,5599.0,Huawei/<span class=H>华为</span> <span class=H>P60</span> 全网通鸿蒙 智能手机 骁龙8+ 4G 6.67英寸,739180041459,0,浙江 杭州,0,0,1,0,0,骁龙8+ 4G,4800+1300+1200,66,,3,4800
德盛数码好店,9999.0,Huawei/<span class=H>华为</span> <span class=H>P60</span> Pro,764908591060,400,广东 深圳,1,0,1,0,0,骁龙8+ 4G,4800+1300+4800,88,,3,4800
一只羊手机店,5149.0,现货速发Huawei/<span class=H>华为</span> <span class=H>P60</span>手机全新正品智能拍照游戏<span class=H>华为</span><span class=H>p60</span>手机,713277247122,0,河南 郑州,1,1,1,0,0,骁龙8+ 4G,4800+1300+1200,66,,3,4800
淘宝珍库自营服务店,999999.0,Huawei/<span class=H>华为</span> <span class=H>P60</span> 全网通鸿蒙 手机,731860468387,0,浙江 杭州,0,0,1,0,0,骁龙8+ 4G,4800+1300+1200,66,,3,4800
长天极数码正品店,6999.0,Huawei/<span class=H>华为</span> <span class=H>P60</span> Pro 12GB+256GB 智能手机,768219892127,100,广东 深圳,0,1,1,0,0,骁龙8+ 4G,4800+1300+4800,88,,3,4800
淘机宝贝屋,5259.0,新品Huawei/<span class=H>华为</span> <span class=H>P60</span>全网通鸿蒙北斗曲面屏超清影像手机<span class=H>p60</span>,712585800625,2,江苏 南京,1,1,1,0,0,骁龙8+ 4G,4800+1300+1200,66,,3,4800
爱多多优选店,9999.0,Huawei/<span class=H>华为</span> <span class=H>P60</span>,773683765920,7,广东 深圳,0,0,1,0,0,骁龙8+ 4G,4800+1300+1200,66,,3,4800
酷动3C数码商城,9999.0,Huawei/<span class=H>华为</span> <span class=H>P60</span> Pro,744738218599,89,广东 深圳,1,1,1,0,0,骁龙8+ 4G,4800+1300+4800,88,,3,4800
长天优选数码正品店,5999.0,Huawei/<span class=H>华为</span> <span class=H>P60</span> 新款鸿蒙旗舰手机256GB/512GB,771960771832,16,广东 深圳,0,0,1,0,0,骁龙8+ 4G,4800+1300+1200,66,,3,4800
好运来数码甄选,9999.0,Huawei/<span class=H>华为</span> <span class=H>P60</span> Pro,765872070953,100,山东 临沂,0,1,1,0,0,骁龙8+ 4G,4800+1300+4800,88,,3,4800
数码甄选好店,9999.0,Huawei/<span class=H>华为</span> <span class=H>P60</span> Pro 12+512GB,736266395366,0,广东 深圳,1,0,1,0,0,骁龙8+ 4G,4800+1300+4800,88,,3,4800
莫维安旗舰店,2.9,适用<span class=H>华为</span><span class=H>p60</span>手机壳p40pro保护3o系列4o潮牌pr0情侣6o涂鸦p30硅胶pro女p爱心p20小众p50新款p50e的p40软套,769128361344,1,广东 深圳,0,0,1,0,0,,0,0,,1,0
宏达鑫辉数码专营店,1988.0,分期免息/送豪礼 <span class=H>华为</span>90Pro 512G 5G全网通曲面屏2亿像素拍照游戏手机<span class=H>华为</span>官方旗舰店官网正品mate60 <span class=H>p60</span>pro,775977244834,11,广东 广州,0,1,1,0,0,骁龙8+ 4G,4800+1300+4800,88,,3,4800
通达汇利数码专营店,1488.0,分期免息!送豪礼 <span class=H>华为</span>60Pro 12GB+256GB 1亿像素快充骁龙<span class=H>华为</span>手机5G官方旗舰正品店官网正品<span class=H>P60</span> Pro,766041683357,37,广东 深圳,0,1,1,0,0,骁龙8+ 4G,4800+1300+4800,88,,3,4800
同步飞扬旗舰店,4388.0,可减300【24期免息含快充送碎屏保】Huawei/<span class=H>华为</span> P50 Pro手机官方旗舰正品<span class=H>p60</span>新品12鸿蒙50pro宝盒mate50高通,652368135084,9,广东 深圳,1,1,1,0,1,骁龙888 4G,5000+4000+1300+6400,66,,4,6400
捷园卡数码专营店,1488.0,当天发/分期免息! <span class=H>华为</span>60pro 12+256GB 5G新款80SE 66W快充拍照游戏<span class=H>华为</span>手机官方旗舰正品店官网正品<span class=H>p60</span>pro,770978810361,31,广东 深圳,0,1,1,0,0,骁龙8+ 4G,4800+1300+4800,88,,3,4800
源旺数码专营店,1488.0,当天发/分期免息! <span class=H>华为</span>60pro 12+256GB 5G新款80SE 66W快充拍照游戏<span class=H>华为</span>手机官方旗舰正品店官网正品<span class=H>p60</span>pro,770198812585,22,广东 深圳,0,1,1,0,0,骁龙8+ 4G,4800+1300+4800,88,,3,4800
歌莱尔手机专营店,1288.0,顺丰速发/分期免息 <span class=H>华为</span>P50 Pro 12+512GB新款5G智能快充拍照游戏高端<span class=H>华为</span>手机官方旗舰店官网正品X50i+/<span class=H>P60</span>,768790571337,15,广东 深圳,0,1,1,0,1,骁龙888 4G,5000+4000+1300+6400,66,,4,6400
融宸瑜数码专营店,1188.0,分期免息/送豪华礼 HUAWEI/<span class=H>华为</span>nova8手机5G全网通12+256GB大内存新款旗舰游戏官方专卖官网正品店<span class=H>p60</span>/Play8T,737957950705,44,广东 深圳,0,1,1,0,1,麒麟985,6400+800+200+200,66,,4,6400
风飞数码专营店,1488.0,分期免息/送豪华礼 HUAWEI/<span class=H>华为</span>80 Pro 12+256GB新款旗舰5G曲面屏手机游戏拍照官方专卖官网正品店<span class=H>P60</span>pro/70,746941452737,2,广东 深圳,0,1,1,0,1,骁龙8+ 4G,4800+1300+4800,88,,3,4800
捷园卡数码专营店,2048.0,分期免息/送豪华礼 Huawei/<span class=H>华为</span>90Pro 512G 5G全网通曲面屏2亿像素<span class=H>华为</span>手机官方旗舰店官网正品p50/<span class=H>p60</span>pro,770984231343,37,广东 深圳,0,1,1,0,0,骁龙8+ 4G,4800+1300+4800,88,,3,4800
惠至安数码专营店,1259.0,顺丰包邮/送豪华礼X50系列16+512GB 曲面屏5G<span class=H>华为</span>手机游戏一亿像素拍照<span class=H>华为</span>官方旗舰正品店官网<span class=H>华为</span>x40 <span class=H>P60</span>,714341579193,14,广东 深圳,1,1,1,0,1,麒麟9000E,5000+1600+800,40,,3,5000
风飞数码专营店,1388.0,分期免息/送豪华礼 HUAWEI/<span class=H>华为</span>Mate50 16+512GB新款旗舰5G曲面屏手机游戏拍照官方专卖官网正品店<span class=H>P60</span>/X50pro,763639347341,7,广东 深圳,0,1,1,0,0,第一代骁龙 8+ 4G,5000+1300+1200,66,,3,5000
红橙子数码专营店,1488.0,顺丰闪发【新春开门红】Huawei/<span class=H>华为</span>80SE 5G手机12+256GB大内存官方正品新款学生老人智能<span class=H>华为</span>手机<span class=H>p60</span>/p40pro,756484038746,21,广东 深圳,0,1,1,0,0,麒麟990 5G,5000,40,,1,5000
惠至安数码专营店,849.0,顺丰当天发/5G<span class=H>华为</span>手机X50系列 16+512GB大双存 曲面屏 一亿像素高清拍照官方旗舰正品店官网快充x40/<span class=H>p60</span>pro,776009524205,3,广东 深圳,1,1,1,0,0,骁龙8+ 4G,4800+1300+4800,88,,3,4800
捷园卡数码专营店,2048.0,分期免息/送豪华礼 Huawei/华为90Pro 512G 5G全网通曲面屏2亿像,770984231343,37,广东 深圳,0,1,1,0,0,骁龙8+ 4G,4800+1300+4800,88,,3,4800
幸运数码正品店,1949.0,当天发!Huawei/华为 nova 11 5G系列官方旗舰正品店官网正品11pro,764323932056,6,广东 深圳,0,0,1,0,0,高通骁龙™ 778G 4G,5000+800,66,,2,5000
创宇嘉汇数码专营店,3799.0,分期免息!官方正品 HUAWEI/华为 nova12 Pro前置6000万人像追焦双,770663164188,6,广东 深圳,1,1,1,0,0,,5000+800,100,,2,5000
维亿乐手机专营店,1229.0,现货速发/分期免息 <span class=H>华为</span>新款80系列 12+256GB 5G智能手机1.6亿像素<span class=H>华为</span>手机官方旗舰正品店官网正品<span class=H>P60</span>pro,770751334142,12,广东 深圳,0,1,1,0,0,骁龙8+ 4G,4800+1300+4800,88,,3,4800
福乐淘数码专营店,1379.0,分期免息/新款<span class=H>华为</span>手机mate50系列 16G运行内存512GB 防水防摔旗舰5G曲面屏游戏拍照官方正品店<span class=H>华为</span><span class=H>P60</span>/X50,770871928975,10,广东 深圳,1,1,1,0,0,第一代骁龙 8+ 4G,5000+1300+1200,66,,3,5000
红橙子数码专营店,1588.0,顺丰速发【新春开门红】Huawei/<span class=H>华为</span>P50 Pro 12+256GB大内存5G全网通官方旗舰正品店官网<span class=H>华为</span>手机<span class=H>p60</span>pro/X50i,766012310643,8,广东 深圳,0,1,1,0,0,骁龙888 4G,5000+4000+1300+6400,66,,4,6400
福乐淘数码专营店,829.0,现货当天发 40Plus系列 8+256G 5G<span class=H>华为</span>手机官方旗舰正品店官网畅玩40学生新款老年人智能千元手机大电池<span class=H>p60</span>,762403040013,54,广东 深圳,1,1,1,0,0,骁龙8+ 4G,4800+1300+1200,66,,3,4800
天辰智能数码科技,799.0,Huawei/<span class=H>华为</span>Mate60Pro荣耀正品官方旗舰<span class=H>P60</span>Pro鸿蒙畅享70智能手机,776297965554,8,北京,0,0,1,0,0,,5000+1200+4800,88,,3,5000
蓝阳工厂折扣店,799.0,<span class=H>华为</span><span class=H>P60</span>Art荣耀X50官网旗舰手机全新未拆全面屏5G全网通智能手机,772791393263,16,广东 深圳,0,0,1,0,0,骁龙8+ 4G,4800+4000+4800,88,,3,4800
蓝阳工厂折扣店,1199.0,<span class=H>华为</span><span class=H>P60</span>Art荣耀X50智能手机曲面屏5G全网通官网全新正品旗舰手机,772777906091,14,广东 深圳,0,0,1,0,0,骁龙8+ 4G,4800+4000+4800,88,,3,4800
昊玉数码专营店,1099.0,顺丰速发【先用后付】Huawei/<span class=H>华为</span>Mate50SE手机官方全新正品智能学生老年人旗舰5G<span class=H>华为</span>手机<span class=H>p60</span>proHi畅享60Pro,691500873854,5,广东 深圳,0,1,1,0,0,骁龙8+4G,5000+1300+6400,66,,3,6400
巨利泰数码专营店,1799.0,顺丰速发【先用后付】Huawei/<span class=H>华为</span>nova11系列8+512G大内存学生老年人官方旗舰正品店官网智能<span class=H>华为</span>手机<span class=H>p60</span>pro,749571080268,31,广东 深圳,1,1,1,0,0,高通骁龙™ 680,10000+800+200,66,,3,10000
彩虹品牌数码科技,999.0,Huawei/<span class=H>华为</span>Mate 60 Pro正品官方旗舰<span class=H>P60</span>Pro安卓荣耀100Pro5G手机,768556229373,13,北京,0,0,0,0,0,,5000+1200+4800,88,,3,5000
嘉文特价直售店,899.0,<span class=H>华为</span><span class=H>P60</span>Art荣耀X50智能手机全新未拆封全面屏全网通双卡旗舰手机,772789805176,16,广东 深圳,0,0,1,0,0,骁龙8+ 4G,4800+4000+4800,88,,3,4800
胡夏智能数码科技,1199.0,honor/荣耀 100 Pro 新款智能手机全新荣耀90 GT<span class=H>华为</span><span class=H>P60</span>智能手机,772251229451,13,北京,0,0,1,0,0,第一代骁龙8+移动平台,20000+3200+1200,90,,3,20000
至尊工厂直售店,799.0,<span class=H>华为</span><span class=H>P60</span>Art荣耀X50智能手机全新未拆封官网全面屏5G全网通旗舰机,772566369253,13,广东 深圳,0,0,1,0,0,骁龙8+ 4G,4800+4000+4800,88,,3,4800
蔚蓝智能5G数码,799.0,honor/荣耀 90 GT 新品可分期全面屏5G<span class=H>华为</span>旗舰官方<span class=H>P60</span>Pro手机,769336137580,16,北京,0,0,1,0,0,第二代骁龙8移动平台,5000+1200+3200,100,,3,5000
昊玉数码专营店,1199.0,顺丰速发【先用后付】Huawei/<span class=H>华为</span>麦芒20 5G手机12+256GB大内存新款学生老年人智能<span class=H>华为</span>手机<span class=H>p60</span>/畅享60pro,755765983495,2,广东 深圳,0,1,1,0,0,高通骁龙™ 680,5000+200,40,,2,5000
蔚蓝智能5G数码,1199.0,honor/荣耀 100 Pro 新品5G手机<span class=H>华为</span>旗舰官方<span class=H>P60</span>Pro荣耀90 GT,769341827349,11,北京,0,0,1,0,0,第二代骁龙8移动平台,5000+1200+3200,100,,3,5000
宫本科技,858.0,honor/荣耀 90 GT全新未拆封智能手机5G全网通<span class=H>华为</span><span class=H>P60</span>荣耀100 90,770552431007,6,北京,0,0,1,0,0,第一代骁龙8+移动平台,20000+3200+1200,90,,3,20000
嘉文特价直售店,1199.0,<span class=H>华为</span><span class=H>P60</span>Art荣耀X50智能手机曲面屏5G全网通双卡官网旗舰正品手机,772768155264,12,广东 深圳,0,0,1,0,0,骁龙8+ 4G,4800+4000+4800,88,,3,4800
巅峰数码宝贝折扣店,858.0,honor/荣耀 100 智能手机5G全网通双卡大内存<span class=H>华为</span><span class=H>P60</span>手机荣耀90GT,771716621564,27,北京,0,0,1,0,0,第二代骁龙8移动平台,5000+1200+3200,100,,3,5000
蓝天智能数码店,1199.0,honor/荣耀 90GT 全新双卡5G曲面屏旗舰官网<span class=H>P60</span> Pro<span class=H>华为</span>手机分期,772248258989,17,北京,0,0,1,0,0,第二代骁龙8移动平台,5000+1200+3200,100,,3,5000
品牌数码供应店,868.0,honor/荣耀 100 Pro 鸿蒙<span class=H>华为</span>新款<span class=H>P60</span> Pro官方旗舰 90 Pro GT手机,771677451134,2,北京,0,0,1,0,0,第二代骁龙8移动平台,5000+1200+3200,100,,3,5000
嘉橙数码专营店,488.0,官方旗舰正品p80pro2023新款智能手机5G全网通搭载<span class=H>华为</span>HMS生态服务安卓p70备用机<span class=H>p60</span>超大屏幕千元学生机电竞,743584418713,3,广东 深圳,0,1,1,0,0,G85,4800,20,,1,4800
乐酷数码科技,968.0,honor/荣耀 Magic5 <span class=H>华为</span><span class=H>p60</span> 曲曲屏5G智能学生手机大内存畅玩游戏,760037397206,7,广东 深圳,0,0,1,0,0,第二代骁龙8移动平台,5400+3200+5000,66,,3,5400
连环马旗舰店,11.8,适用<span class=H>华为</span>mate40pro手机膜p40<span class=H>p60</span>防窥50rs30p30nova10por20meat60保时捷钢化水凝膜9art8+7m40全屏navo11p50e,706401391218,1,广东 深圳,0,0,1,0,0,,0,0,,1,0
奥贝克数码专营店,5.9,适用于<span class=H>华为</span><span class=H>p60</span>手机壳玫瑰贝壳纹p50pro全包透明p40pro硅胶防摔p30新款夏季huawei奶油框<span class=H>P60</span>PRO简约ins风P50E,718416472161,100,广东 深圳,0,0,1,0,0,,0,0,,1,0
第一卫旗舰店,19.8,[新防窥]适用<span class=H>华为</span>mate60pro手机膜mate40钢化膜mate50pro+防窥膜<span class=H>P60</span>/p40/p50荣耀100/90新款magic5水凝保护膜,761618580736,200,广东 深圳,0,0,1,0,0,,0,0,,1,0
嘉橙数码专营店,498.0,【官方旗舰店】2023全新p80pro智能手机5G全网通搭载<span class=H>华为</span>HMS服务安卓p70备用机<span class=H>p60</span>大屏幕千元学生机电竞游戏,747169206932,4,广东 深圳,0,1,1,0,0,Helig G85,4800,20,,1,4800
第一卫旗舰店,15.8,第一卫适用<span class=H>华为</span>p70手机壳新款p70pro超薄透明Art全包镜头硅胶<span class=H>p60</span>简约保护套高级感防摔+男女款高档奢华不发黄,773178901027,200,广东 深圳,0,0,1,0,0,,0,0,,1,0
帕狮卡数码旗舰店,12.8,适用<span class=H>华为</span><span class=H>p60</span>手机膜<span class=H>p60</span>pro钢化水凝膜<span class=H>p60</span>Art防窥膜por荣耀新款全包防摔软膜p6o全胶菲林保护贴膜壳指纹解锁,763702059176,100,广东 深圳,0,0,1,0,0,,0,0,,1,0
菜波数码专营店,7.8,适用<span class=H>华为</span>mate60pro手机壳<span class=H>P60</span>奶油纹p50/30荣耀90/80gt新女款60/70立体熊猫公仔nova11/10se支架防摔5g保护套,740671873194,100,广东 深圳,0,0,0,0,0,,0,0,,1,0
xrace旗舰店,15.8,适用<span class=H>华为</span>mate60pro钢化膜p70<span class=H>p60</span>p50p40pro+手机膜x50荣耀100/90/50/70/80贴60mate40pro全屏magic5/612nova10,647189808108,2,广东 深圳,0,0,1,0,1,,0,0,,1,0
闪魔旗舰店,32.8,闪魔适用<span class=H>华为</span><span class=H>p60</span>手机壳<span class=H>p60</span>pro新款磨砂保护套超薄硅胶mate50系列镜头全包防摔por的高级感新品创意女男外壳,711853890107,200,广东 深圳,0,0,1,0,0,,0,0,,1,0
天天特卖工厂店,5.9,2023新款【官方正品】p80pro智能手机5G全网通搭载<span class=H>华为</span>HMS服务安卓p70备用机<span class=H>p60</span>超大屏幕千元学生机电竞游戏,750809758012,700,浙江 杭州,0,1,1,0,0,G85,4100,18,,1,4100
酷盟旗舰店,16.8,【护眼新防窥】酷盟适用<span class=H>华为</span>Mate60pro手机膜mate50/40por+防窥膜<span class=H>p60</span>/50/40钢化新款mt60rs全屏保护防摔贴膜,773036840175,78,广东 东莞,0,0,1,0,0,,0,0,,1,0
佳誉数码店,858.0,honor/荣耀 100 Pro 新款智能手机骁龙大内存荣耀90GT<span class=H>华为</span><span class=H>P60</span>手机,761080144269,3,北京,0,0,1,0,0,第二代骁龙8移动平台,5000+1200+3200,100,,3,5000
addthis旗舰店,28.0,玫瑰花适用<span class=H>华为</span><span class=H>p60</span>Pro手机壳新款p50高级感小众p40pro+全包防摔<span class=H>p60</span>ART高级感p40女款p30pro创意潮牌50e保护套,774249706795,19,广东 深圳,0,0,1,0,0,,0,0,,1,0
addthis旗舰店,28.0,适用<span class=H>华为</span><span class=H>p60</span>Pro手机壳新款云花浅蓝p50e硅胶防摔p40pro+女款<span class=H>p60</span>ART全包p30pro保护套p50高级感60por男带挂绳,774230143984,32,广东 深圳,0,0,1,0,0,,0,0,,1,0
铂信旗舰店,10.1,【新昆仑秒贴】适用<span class=H>华为</span>p70pro手机膜<span class=H>p60</span>/p50/p40钢化膜mate60pro手机膜mate40/50保时捷RS防窥曲屏贴膜全屏,774274869681,100,广东 深圳,0,0,1,0,0,,0,0,,1,0
东鑫瑞数码专营店,2048.0,分期免息! Huawei/<span class=H>华为</span>90 Pro 16+512GB大内存5G官方旗舰正品店官网智能<span class=H>华为</span>手机p50/<span class=H>p60</span>pro,766190797823,13,广东 深圳,0,1,1,0,0,骁龙8+ 4G,4800+1300+4800,88,,3,4800
捷园卡数码专营店,1099.0,当天发!分期免息 Huawei/<span class=H>华为</span>nova8 5G全网通12+256GB新款学生老年人<span class=H>华为</span>手机官方旗舰店官网正品<span class=H>p60</span>/Play8T,770944296057,59,广东 深圳,0,1,1,0,0,麒麟985,6400+800+200+200,66,,4,6400
欧来美数码专营店,1488.0,分期免息/新品顺丰发！新款90Pro系列 5G曲面屏手机游戏2亿像素拍照旗舰官网店<span class=H>华为</span>手机nova9Pro/<span class=H>P60</span> mate50,763441103521,30,广东 深圳,1,1,1,0,1,骁龙8+ 4G,4800+1300+4800,88,,3,4800
红橙子数码专营店,1099.0,顺丰速发【先用后付】Huawei/<span class=H>华为</span>畅享60Pro 5G手机官方全新正品智能学生老年人5G<span class=H>华为</span>手机<span class=H>p60</span>proHi畅享60,752995328973,16,广东 深圳,0,1,1,0,0,高通骁龙™ 680,5000+200,40,,2,5000
红橙子数码专营店,1199.0,顺丰速发【先用后付】Huawei/<span class=H>华为</span>麦芒20 5G手机12+256GB大内存新款学生老年人智能<span class=H>华为</span>手机<span class=H>p60</span>/畅享60pro,756312192238,5,广东 深圳,0,1,1,0,0,高通骁龙™ 680,5000+200,40,,2,5000
addthis旗舰店,35.0,适用于<span class=H>华为</span><span class=H>p60</span>pro手机壳新款熊猫<span class=H>p60</span>art创意P50简约40pro+磨砂p30por高级感p6O不沾指纹p5o全包防摔POR男女款,773668964431,19,广东 深圳,0,0,1,0,0,,0,0,,1,0
addthis旗舰店,38.0,适用于<span class=H>华为</span><span class=H>p60</span>Pro手机壳2024新款竖纹爱心<span class=H>p60</span>液态硅胶<span class=H>p60</span>art全包防摔p50女款p50Pro高级感60超薄50男士软套潮,773676915192,21,广东 深圳,0,0,1,0,0,,0,0,,1,0
捷园卡数码专营店,2048.0,分期免息/送豪华礼 Huawei/华为90Pro 512G 5G全网通曲面屏2亿像,770984231343,37,广东 深圳,0,1,1,0,0,,0,0,,1,0
幸运数码正品店,1949.0,当天发!Huawei/华为 nova 11 5G系列官方旗舰正品店官网正品11pro,764323932056,6,广东 深圳,0,0,1,0,0,,0,0,,1,0
创宇嘉汇数码专营店,3799.0,分期免息!官方正品 HUAWEI/华为 nova12 Pro前置6000万人像追焦双,770663164188,6,广东 深圳,1,1,1,0,0,,0,0,,1,0
婷诺菲旗舰店,19.8,适用<span class=H>华为</span><span class=H>p60</span>pro手机壳女款p50e保护套硅胶<span class=H>p60</span>art防摔p40por全包磨砂p30软外壳p5oe新款p20pro卡通文字高级感,727121359463,900,广东 东莞,0,0,1,0,0,,0,0,,1,0
pintop品托旗舰店,22.0,适用于<span class=H>华为</span><span class=H>p60</span>手机壳新款液态硅胶<span class=H>p60</span>pro潮牌男女款<span class=H>p60</span>art全包防摔超薄软壳<span class=H>p60</span>pro+简约纯色网红情侣款保护套,708395599466,200,广东 深圳,0,0,1,0,0,,0,0,,1,0
陆宣旗舰店,83.0,<span class=H>华为</span><span class=H>p60</span>pro手机壳新款<span class=H>p60</span>手机套双面玻璃磁吸全包防摔透明套<span class=H>p60</span>Art超薄男女镜头全包高级感曲面屏高档十适用,707879560074,200,广东 深圳,0,0,1,0,1,,0,0,,1,0
大米评测,12.6,大米评测 HUAWEI<span class=H>华为</span><span class=H>P60</span>手机壳<span class=H>P60</span>Pro PP材质半硬壳壳保护套超薄磨砂全包微砂,712785139498,200,浙江 宁波,0,0,1,0,0,,0,0,,1,0
闪魔旗舰店,19.8,闪魔适用于<span class=H>华为</span><span class=H>P60</span>钢化膜<span class=H>P60</span>Pro手机膜<span class=H>P60</span>Art水凝膜曲屏<span class=H>p60</span>pro曲面ART艺术家隐形陶瓷全屏手机保护贴膜por,708403346238,300,广东 深圳,0,0,1,0,0,,0,0,,1,0
绿联数码旗舰店,19.62,绿联适用<span class=H>华为</span>Mate60Pro手机膜P70Pro贴膜Mate40Pro曲面Mate50RS全屏P40<span class=H>P60</span>水凝膜P70Art适用荣耀70honor80膜,642773791877,2000,广东 东莞,0,0,1,0,0,,0,0,,1,0
铂信旗舰店,13.8,【新昆仑秒贴】适用<span class=H>华为</span>p70pro手机膜<span class=H>p60</span>/p50/p40钢化膜<span class=H>华为</span>mate60pro/mate40/50e保时捷RS全屏防窥曲屏贴膜,776287107340,59,广东 深圳,0,0,1,0,0,,0,0,,1,0
奥贝克数码专营店,5.9,适用于<span class=H>华为</span><span class=H>p60</span>手机壳渐变透明p50e奶油纹渐变p40/30全包防摔huawei夏季新款<span class=H>P60</span>PRO硅胶手链P50/40可爱ins卡通,716969032561,27,广东 深圳,0,0,1,0,0,,0,0,,1,0
摩斯维旗舰店,32.0,摩斯维 适用<span class=H>华为</span><span class=H>p60</span>手机壳<span class=H>p60</span>pro新款保护套素皮p6o全包镜头防摔<span class=H>p60</span>art高级感限量版的男士商务外壳网红,708746727919,1000,广东 东莞,0,0,1,0,0,,0,0,,1,0
逸杉数码专营店,13.8,适用<span class=H>华为</span>mate60pro水豚手机壳mate50/nova12/11卡皮巴拉<span class=H>p60</span>荣耀magic6/p50软10新款8se/90gt荣耀100/p40/p30,738391143789,800,广东 广州,0,0,1,0,0,,0,0,,1,0
倪希旗舰店,25.0,丙烯花适用<span class=H>华为</span><span class=H>p60</span>手机壳<span class=H>p60</span>pro新款p50硅胶por全包p40镜头<span class=H>p60</span>防摔p50e保护壳p30女p外壳p6o新品6opro的6o,775100902516,30,福建 厦门,0,0,1,0,0,,0,0,,1,0
婷诺菲旗舰店,19.8,适用<span class=H>华为</span>mate60pro手机壳新款mate50保护套全包<span class=H>p60</span>pro硅胶防摔mata40epro磨砂p30女款p20卡通p50e小狗软外壳,737298973811,800,广东 东莞,0,0,1,0,0,,0,0,,1,0
菜波数码专营店,12.8,适用<span class=H>华为</span>mate60pro手机壳荣耀100/80pro新女款大视窗<span class=H>p60</span>/30翻盖镜子荣耀70/50se卡皮巴拉挂绳nova11/12防摔5g,766478192247,24,广东 深圳,0,0,0,0,0,,0,0,,1,0
isido旗舰店,15.8,适用<span class=H>华为</span>p70手机壳p70pro新款p40pro女款<span class=H>p60</span>全包p50pro防摔30小众p40pro+系列高级感70软e硅胶<span class=H>p60</span>pro保护套66,772688275666,85,广东 深圳,0,0,1,0,0,,0,0,,1,0
邦奇华旗舰店,23.8,适用<span class=H>华为</span><span class=H>p60</span>pro手机壳p40pro新款透明自带镜头膜p50高级感nova9软壳mate60pro荣耀90/80/70/60/50pro女magic5,714387404987,200,广东 深圳,0,0,1,0,0,,0,0,,1,0
addthis旗舰店,28.0,适用<span class=H>华为</span><span class=H>p60</span>手机壳花花熊猫<span class=H>p60</span>Art新款女p50超薄防摔P50E小羊皮pro全包p40pro+可爱p40男款p30高级感por+绿色,775164854891,11,广东 深圳,0,0,1,0,0,,0,0,,1,0
同步飞扬旗舰店,11199.0,【3期免息】Huawei/<span class=H>华为</span>Mate X3 折叠屏手机官方旗舰店正品昆仑玻璃灵犀通讯鸿蒙系统matex3典藏版12新款<span class=H>p60</span>,709283435654,1,广东 深圳,1,1,1,0,0,,0,0,,1,0
baseus倍思旗舰店,28.0,倍思适用<span class=H>华为</span>Mate60Pro手机膜钢化mate40/50Pro+水凝保护nova11曲面<span class=H>P60</span>新款P50贴P40全胶art全屏P30荣耀Magic,741183943701,1000,广东 深圳,0,0,1,0,0,,0,0,,1,0
凡人数码专营店,14.8,适用<span class=H>华为</span>荣耀mate60pro钢化膜mate40pro手机膜30<span class=H>p60</span>p50p40全屏magic6/5贴100/90/70/80水凝12x50软10nova9/8,629839929658,2,广东 深圳,0,0,1,0,1,,0,0,,1,0
第一卫旗舰店,48.0,【新升级360°防窥】适用<span class=H>华为</span>p70手机膜mate60pro防窥<span class=H>P60</span>荣耀100/90新款magic6pro钢化膜nova12全胶mate50/30,773402948246,100,广东 深圳,0,0,1,0,0,,0,0,,1,0
xrace旗舰店,16.8,适用<span class=H>华为</span><span class=H>p60</span>pro钢化膜p70<span class=H>p60</span>手机防窥膜<span class=H>p60</span>art曲面全屏mate60pro覆盖40p50水凝软e防偷窥屏por防摔全包贴膜,708319411041,100,广东 深圳,0,0,1,0,0,,0,0,,1,0
简套旗舰店,13.9,银色羽纱粉色蝴蝶适用<span class=H>华为</span>mate60pro款手机壳mate40pro新款mata50防摔<span class=H>p60</span>pro保护套<span class=H>p60</span>女款可爱少女创意高级,763072867895,700,广东 深圳,0,0,1,0,0,,0,0,,1,0
致丰盛数码专营店,18.8,柿柿顺意适用<span class=H>华为</span><span class=H>p60</span>手机壳女款<span class=H>华为</span><span class=H>p60</span>pro男创意新款保护套<span class=H>p60</span>art腕带全包防摔硅胶保护壳高级感小羊皮白,710428654407,71,广东 东莞,0,0,1,0,0,,0,0,,1,0
摩保壳旗舰店,15.8,适用<span class=H>华为</span>P70手机壳个性情侣兔子ART镜头全包P30软硅胶<span class=H>P60</span>pro卡通鼎桥P50E油画男高级p20皮质套P40女新款防摔,703327835453,100,广东 深圳,0,0,1,0,0,,0,0,,1,0
宝紫数码专营店,13.8,适用<span class=H>华为</span>p50手机壳<span class=H>p60</span>pro新款<span class=H>华为</span>p40保持自信p50e创意<span class=H>p60</span>趣味p30硅胶p40pro十全包p20搞怪p30por个性线条人,773046352259,17,广东 深圳,0,0,1,0,0,,0,0,,1,0
addthis旗舰店,68.0,适用于<span class=H>华为</span><span class=H>P60</span>手机壳新款全包防摔<span class=H>p60</span>art秋冬<span class=H>p60</span>女款p50pro软壳p50e小众创意p40pro+可爱p40硅胶p30pro高级感,751863409642,100,广东 深圳,0,0,1,0,0,,0,0,,1,0
金豆豆数码专营店,15.8,调皮熊猫适用<span class=H>华为</span><span class=H>p60</span>手机壳p50小羊皮p40保护软套p30硅胶p20女pro+新款<span class=H>p60</span>Art全包huawei超薄防摔十,771843544972,14,广东 深圳,0,0,1,0,0,,0,0,,1,0
第一卫旗舰店,12.8,【昆仑秒贴仓】适用<span class=H>华为</span>p70pro钢化膜mate60pro手机膜mate40新款<span class=H>p60</span>/40防窥30/50pro保时捷p30膜荣耀90magic6,775407093783,51,广东 深圳,0,0,1,0,0,,0,0,,1,0
第一卫旗舰店,28.0,第一卫适用<span class=H>华为</span><span class=H>p60</span>手机壳新款电镀透明60pro高级感硅胶p50防摔镜头+全包超薄p40曲面屏保护套简约商务女男款,710135060892,100,广东 深圳,0,0,1,0,0,,0,0,,1,0
mosbo数码旗舰店,15.8,适用<span class=H>华为</span><span class=H>p60</span>钢化水凝膜<span class=H>p60</span>pro手机膜全包边huawei<span class=H>p60</span>一体全屏覆盖<span class=H>p60</span> pro蝴蝶高清前后保护p六零曲屏蓝光6por,710791425948,100,广东 深圳,0,0,1,0,0,,0,0,,1,0
xrace旗舰店,29.0,适用<span class=H>华为</span>mate60Pro手机膜mate40Pro钢化膜软P70<span class=H>P60</span>防窥全屏mt50por+全胶荣耀100/90曲面新款无尘仓30保护贴膜,773635672426,66,广东 深圳,0,0,1,0,1,,0,0,,1,0
xp旗舰店,25.0,适用<span class=H>华为</span><span class=H>p60</span>手机壳新款<span class=H>华为</span><span class=H>p60</span>pro全包防摔高级感外壳的p6o小众高端创意液态硅胶女生网红超薄散热软外壳男士,729852113195,46,广东 深圳,0,0,1,0,0,,0,0,,1,0
翔鹭飞飞旗舰店,16.9,适用<span class=H>华为</span><span class=H>p60</span>pro手机壳新款女por软硅胶p50pro高级感ins风<span class=H>p60</span>art防摔p50e保护套p40全包p30创意爆款的线条粉兔,774268466372,24,广东 深圳,0,0,1,0,0,,0,0,,1,0
mosbo数码旗舰店,6.8,适用<span class=H>华为</span><span class=H>p60</span>手机壳<span class=H>p60</span>pro新款网红壳5g全包huawei气囊女p6o高级防摔por创意<span class=H>p60</span>p保护软六十潮pr0小众男超薄膜,724549684343,200,广东 深圳,0,0,1,0,0,,0,0,,1,0
肯卫旗舰店,13.8,油画史迪仔适用<span class=H>华为</span><span class=H>p60</span>pro手机壳<span class=H>华为</span>p50pro动漫新款全包防摔honor<span class=H>p60</span>讨厌鬼保护套p50e小怪物p50por潮女小众,771999674087,14,广东 深圳,0,0,1,0,0,,0,0,,1,0
拓岚旗舰店,23.8,拓岚 适用<span class=H>华为</span>mate60pro+新年手机壳<span class=H>p60</span>pro蓝色猫咪烟花城堡mate40pro高级感电镀银mate50/30pro吊坠防摔女潮,761481057627,4000,广东 深圳,0,0,1,0,0,,0,0,,1,0
江山数码专店,888.0,honor/荣耀 100 智能手机5G全网通双卡大内存<span class=H>华为</span><span class=H>P60</span>手机荣耀90GT,774854250809,15,北京,0,0,1,0,0,,0,0,,1,0
誉捷旗舰店,18.8,中国风国风竹子适用<span class=H>华为</span>mate60pro手机壳<span class=H>p60</span>p高级感mate40小众mate50新款全包防摔硅胶软壳女款网红个性创意,775365715125,6,广东 深圳,0,0,1,0,0,,0,0,,1,0
给力鼠旗舰店,15.8,线条笑脸适用<span class=H>华为</span><span class=H>p60</span>pro手机壳p50保护套<span class=H>p60</span>art羊巴皮p50e镜头全包防摔<span class=H>p60</span>轻奢高级感p6o男p50por新款外壳,775620760005,12,广东 深圳,0,0,1,0,0,,0,0,,1,0
第一卫旗舰店,38.0,【昆仑玻璃】适用<span class=H>华为</span>P70pro钢化膜mate60pro手机膜全胶Mate40pro/p40/p50/<span class=H>p60</span>/100/90防窥80荣耀Magic6/nova,773622166703,100,广东 深圳,0,0,1,0,0,,0,0,,1,0
铂信旗舰店,12.8,【昆仑玻璃】适用<span class=H>华为</span>P70pro手机膜<span class=H>p60</span>钢化膜p40/p50新款mate60pro防窥mete40/30荣耀100/90+80maigc6/nova12,772267897603,100,广东 深圳,0,0,1,0,0,,0,0,,1,0
铂信旗舰店,6.1,【二代昆仑秒贴】适用<span class=H>华为</span>p70pro手机膜<span class=H>p60</span>/50/40钢化膜mate60手机膜mate40/50por贴膜30RS保时捷40e全屏防窥,773674907336,100,广东 深圳,0,0,1,0,0,,0,0,,1,0
尤星旗舰店,3.8,适用<span class=H>华为</span><span class=H>p60</span>钢化膜曲面全包保护<span class=H>p60</span>pro手机膜全屏覆盖护眼<span class=H>p60</span>art水凝膜高清防摔防爆huawei屏保<span class=H>p60</span>抗指纹玻璃,714456948195,200,广东 汕头,0,0,0,0,1,,0,0,,1,0
昊玉数码专营店,1199.0,顺丰闪发【新春开门红】Huawei/<span class=H>华为</span>P50SE手机12+256G大内存5G新款学生老年人智能<span class=H>华为</span>手机<span class=H>p60</span>pro/Play8T,764394727685,37,广东 深圳,0,1,1,0,0,,0,0,,1,0
第一卫旗舰店,22.8,[昆仑玻璃]适用<span class=H>华为</span>mate60pro钢化膜P70pro手机膜mate40pro全胶p70/<span class=H>p60</span>/p50/p40/100防窥80荣耀Magic6/nova12,774217115429,89,广东 深圳,0,0,1,0,0,,0,0,,1,0
